sub-pscid	subpaths	motion	anat	func	confounds	masks	sub-dccid	events	retrieval
sub-3025432	/home/francois/cimaq_events2020/sub-3025432/sub-3025432_Motionfile.tsv	/home/francois/cimaq_events2020/sub-3025432/sub-3025432_Motionfile.tsv	/media/francois/seagate_8tb/cimaq_03-19_data_simexp_DATA/CIMAQ_fmri_memory_data_neuromod_DATA/data/anat/anat_sub658178_nuc_stereonl.nii	/media/francois/seagate_8tb/cimaq_03-19_data_simexp_DATA/CIMAQ_fmri_memory_data_neuromod_DATA/data/fmri_resample/fmri_sub658178_sess4_run1_n.nii.gz	/media/francois/seagate_8tb/cimaq_03-19_data_simexp_DATA/CIMAQ_fmri_memory_data_neuromod_DATA/data/confounds_resample/fmri_sub658178_sess4_run1_n_confounds.tsv	/media/francois/seagate_8tb/cimaq_03-19_data_simexp_DATA/CIMAQ_fmri_memory_data_neuromod_DATA/data/masks/func_sub658178_mask_stereonl.nii	sub-658178	/home/francois/cimaq_events2020/sub-3025432/sub-3025432_task-Memory_events.tsv	/home/francois/cimaq_events2020/sub-3025432/sub-3025432_task-Retrieval.tsv
sub-3163875	/home/francois/cimaq_events2020/sub-3163875/sub-3163875_Motionfile.tsv	/home/francois/cimaq_events2020/sub-3163875/sub-3163875_Motionfile.tsv	/media/francois/seagate_8tb/cimaq_03-19_data_simexp_DATA/CIMAQ_fmri_memory_data_neuromod_DATA/data/anat/anat_sub199801_nuc_stereonl.nii	/media/francois/seagate_8tb/cimaq_03-19_data_simexp_DATA/CIMAQ_fmri_memory_data_neuromod_DATA/data/fmri_resample/fmri_sub199801_sess4_run1_n.nii.gz	/media/francois/seagate_8tb/cimaq_03-19_data_simexp_DATA/CIMAQ_fmri_memory_data_neuromod_DATA/data/confounds_resample/fmri_sub199801_sess4_run1_n_confounds.tsv	/media/francois/seagate_8tb/cimaq_03-19_data_simexp_DATA/CIMAQ_fmri_memory_data_neuromod_DATA/data/masks/func_sub199801_mask_stereonl.nii	sub-199801	/home/francois/cimaq_events2020/sub-3163875/sub-3163875_task-Memory_events.tsv	/home/francois/cimaq_events2020/sub-3163875/sub-3163875_task-Retrieval.tsv
sub-3291977	/home/francois/cimaq_events2020/sub-3291977/sub-3291977_Motionfile.tsv	/home/francois/cimaq_events2020/sub-3291977/sub-3291977_Motionfile.tsv	/media/francois/seagate_8tb/cimaq_03-19_data_simexp_DATA/CIMAQ_fmri_memory_data_neuromod_DATA/data/anat/anat_sub748676_nuc_stereonl.nii	/media/francois/seagate_8tb/cimaq_03-19_data_simexp_DATA/CIMAQ_fmri_memory_data_neuromod_DATA/data/fmri_resample/fmri_sub748676_sess4_run1_n.nii.gz	/media/francois/seagate_8tb/cimaq_03-19_data_simexp_DATA/CIMAQ_fmri_memory_data_neuromod_DATA/data/confounds_resample/fmri_sub748676_sess4_run1_n_confounds.tsv	/media/francois/seagate_8tb/cimaq_03-19_data_simexp_DATA/CIMAQ_fmri_memory_data_neuromod_DATA/data/masks/func_sub748676_mask_stereonl.nii	sub-748676	/home/francois/cimaq_events2020/sub-3291977/sub-3291977_task-Memory_events.tsv	/home/francois/cimaq_events2020/sub-3291977/sub-3291977_task-Retrieval.tsv
sub-3420680	/home/francois/cimaq_events2020/sub-3420680/sub-3420680_Motionfile.tsv	/home/francois/cimaq_events2020/sub-3420680/sub-3420680_Motionfile.tsv	/media/francois/seagate_8tb/cimaq_03-19_data_simexp_DATA/CIMAQ_fmri_memory_data_neuromod_DATA/data/anat/anat_sub878354_nuc_stereonl.nii	/media/francois/seagate_8tb/cimaq_03-19_data_simexp_DATA/CIMAQ_fmri_memory_data_neuromod_DATA/data/fmri_resample/fmri_sub878354_sess4_run1_n.nii.gz	/media/francois/seagate_8tb/cimaq_03-19_data_simexp_DATA/CIMAQ_fmri_memory_data_neuromod_DATA/data/confounds_resample/fmri_sub878354_sess4_run1_n_confounds.tsv	/media/francois/seagate_8tb/cimaq_03-19_data_simexp_DATA/CIMAQ_fmri_memory_data_neuromod_DATA/data/masks/func_sub878354_mask_stereonl.nii	sub-878354	/home/francois/cimaq_events2020/sub-3420680/sub-3420680_task-Memory_events.tsv	/home/francois/cimaq_events2020/sub-3420680/sub-3420680_task-Retrieval.tsv
sub-3431566	/home/francois/cimaq_events2020/sub-3431566/sub-3431566_Motionfile.tsv	/home/francois/cimaq_events2020/sub-3431566/sub-3431566_Motionfile.tsv	/media/francois/seagate_8tb/cimaq_03-19_data_simexp_DATA/CIMAQ_fmri_memory_data_neuromod_DATA/data/anat/anat_sub164965_nuc_stereonl.nii	/media/francois/seagate_8tb/cimaq_03-19_data_simexp_DATA/CIMAQ_fmri_memory_data_neuromod_DATA/data/fmri_resample/fmri_sub164965_sess4_run1_n.nii.gz	/media/francois/seagate_8tb/cimaq_03-19_data_simexp_DATA/CIMAQ_fmri_memory_data_neuromod_DATA/data/confounds_resample/fmri_sub164965_sess4_run1_n_confounds.tsv	/media/francois/seagate_8tb/cimaq_03-19_data_simexp_DATA/CIMAQ_fmri_memory_data_neuromod_DATA/data/masks/func_sub164965_mask_stereonl.nii	sub-164965	/home/francois/cimaq_events2020/sub-3431566/sub-3431566_task-Memory_events.tsv	/home/francois/cimaq_events2020/sub-3431566/sub-3431566_task-Retrieval.tsv
sub-3494204	/home/francois/cimaq_events2020/sub-3494204/sub-3494204_Motionfile.tsv	/home/francois/cimaq_events2020/sub-3494204/sub-3494204_Motionfile.tsv	/media/francois/seagate_8tb/cimaq_03-19_data_simexp_DATA/CIMAQ_fmri_memory_data_neuromod_DATA/data/anat/anat_sub337021_nuc_stereonl.nii	/media/francois/seagate_8tb/cimaq_03-19_data_simexp_DATA/CIMAQ_fmri_memory_data_neuromod_DATA/data/fmri_resample/fmri_sub337021_sess4_run1_n.nii.gz	/media/francois/seagate_8tb/cimaq_03-19_data_simexp_DATA/CIMAQ_fmri_memory_data_neuromod_DATA/data/confounds_resample/fmri_sub337021_sess4_run1_n_confounds.tsv	/media/francois/seagate_8tb/cimaq_03-19_data_simexp_DATA/CIMAQ_fmri_memory_data_neuromod_DATA/data/masks/func_sub337021_mask_stereonl.nii	sub-337021	/home/francois/cimaq_events2020/sub-3494204/sub-3494204_task-Memory_events.tsv	/home/francois/cimaq_events2020/sub-3494204/sub-3494204_task-Retrieval.tsv
sub-3589314	/home/francois/cimaq_events2020/sub-3589314/sub-3589314_Motionfile.tsv	/home/francois/cimaq_events2020/sub-3589314/sub-3589314_Motionfile.tsv	/media/francois/seagate_8tb/cimaq_03-19_data_simexp_DATA/CIMAQ_fmri_memory_data_neuromod_DATA/data/anat/anat_sub893978_nuc_stereonl.nii	/media/francois/seagate_8tb/cimaq_03-19_data_simexp_DATA/CIMAQ_fmri_memory_data_neuromod_DATA/data/fmri_resample/fmri_sub893978_sess4_run1_n.nii.gz	/media/francois/seagate_8tb/cimaq_03-19_data_simexp_DATA/CIMAQ_fmri_memory_data_neuromod_DATA/data/confounds_resample/fmri_sub893978_sess4_run1_n_confounds.tsv	/media/francois/seagate_8tb/cimaq_03-19_data_simexp_DATA/CIMAQ_fmri_memory_data_neuromod_DATA/data/masks/func_sub893978_mask_stereonl.nii	sub-893978	/home/francois/cimaq_events2020/sub-3589314/sub-3589314_task-Memory_events.tsv	/home/francois/cimaq_events2020/sub-3589314/sub-3589314_task-Retrieval.tsv
sub-3702154	/home/francois/cimaq_events2020/sub-3702154/sub-3702154_Motionfile.tsv	/home/francois/cimaq_events2020/sub-3702154/sub-3702154_Motionfile.tsv	/media/francois/seagate_8tb/cimaq_03-19_data_simexp_DATA/CIMAQ_fmri_memory_data_neuromod_DATA/data/anat/anat_sub668786_nuc_stereonl.nii	/media/francois/seagate_8tb/cimaq_03-19_data_simexp_DATA/CIMAQ_fmri_memory_data_neuromod_DATA/data/fmri_resample/fmri_sub668786_sess4_run1_n.nii.gz	/media/francois/seagate_8tb/cimaq_03-19_data_simexp_DATA/CIMAQ_fmri_memory_data_neuromod_DATA/data/confounds_resample/fmri_sub668786_sess4_run1_n_confounds.tsv	/media/francois/seagate_8tb/cimaq_03-19_data_simexp_DATA/CIMAQ_fmri_memory_data_neuromod_DATA/data/masks/func_sub668786_mask_stereonl.nii	sub-668786	/home/francois/cimaq_events2020/sub-3702154/sub-3702154_task-Memory_events.tsv	/home/francois/cimaq_events2020/sub-3702154/sub-3702154_task-Retrieval.tsv
sub-3708747	/home/francois/cimaq_events2020/sub-3708747/sub-3708747_Motionfile.tsv	/home/francois/cimaq_events2020/sub-3708747/sub-3708747_Motionfile.tsv	/media/francois/seagate_8tb/cimaq_03-19_data_simexp_DATA/CIMAQ_fmri_memory_data_neuromod_DATA/data/anat/anat_sub484204_nuc_stereonl.nii	/media/francois/seagate_8tb/cimaq_03-19_data_simexp_DATA/CIMAQ_fmri_memory_data_neuromod_DATA/data/fmri_resample/fmri_sub484204_sess4_run1_n.nii.gz	/media/francois/seagate_8tb/cimaq_03-19_data_simexp_DATA/CIMAQ_fmri_memory_data_neuromod_DATA/data/confounds_resample/fmri_sub484204_sess4_run1_n_confounds.tsv	/media/francois/seagate_8tb/cimaq_03-19_data_simexp_DATA/CIMAQ_fmri_memory_data_neuromod_DATA/data/masks/func_sub484204_mask_stereonl.nii	sub-484204	/home/francois/cimaq_events2020/sub-3708747/sub-3708747_task-Memory_events.tsv	/home/francois/cimaq_events2020/sub-3708747/sub-3708747_task-Retrieval.tsv
sub-3801419	/home/francois/cimaq_events2020/sub-3801419/sub-3801419_Motionfile.tsv	/home/francois/cimaq_events2020/sub-3801419/sub-3801419_Motionfile.tsv	/media/francois/seagate_8tb/cimaq_03-19_data_simexp_DATA/CIMAQ_fmri_memory_data_neuromod_DATA/data/anat/anat_sub150649_nuc_stereonl.nii	/media/francois/seagate_8tb/cimaq_03-19_data_simexp_DATA/CIMAQ_fmri_memory_data_neuromod_DATA/data/fmri_resample/fmri_sub150649_sess4_run1_n.nii.gz	/media/francois/seagate_8tb/cimaq_03-19_data_simexp_DATA/CIMAQ_fmri_memory_data_neuromod_DATA/data/confounds_resample/fmri_sub150649_sess4_run1_n_confounds.tsv	/media/francois/seagate_8tb/cimaq_03-19_data_simexp_DATA/CIMAQ_fmri_memory_data_neuromod_DATA/data/masks/func_sub150649_mask_stereonl.nii	sub-150649	/home/francois/cimaq_events2020/sub-3801419/sub-3801419_task-Memory_events.tsv	/home/francois/cimaq_events2020/sub-3801419/sub-3801419_task-Retrieval.tsv
sub-3874544	/home/francois/cimaq_events2020/sub-3874544/sub-3874544_Motionfile.tsv	/home/francois/cimaq_events2020/sub-3874544/sub-3874544_Motionfile.tsv	/media/francois/seagate_8tb/cimaq_03-19_data_simexp_DATA/CIMAQ_fmri_memory_data_neuromod_DATA/data/anat/anat_sub983291_nuc_stereonl.nii	/media/francois/seagate_8tb/cimaq_03-19_data_simexp_DATA/CIMAQ_fmri_memory_data_neuromod_DATA/data/fmri_resample/fmri_sub983291_sess4_run1_n.nii.gz	/media/francois/seagate_8tb/cimaq_03-19_data_simexp_DATA/CIMAQ_fmri_memory_data_neuromod_DATA/data/confounds_resample/fmri_sub983291_sess4_run1_n_confounds.tsv	/media/francois/seagate_8tb/cimaq_03-19_data_simexp_DATA/CIMAQ_fmri_memory_data_neuromod_DATA/data/masks/func_sub983291_mask_stereonl.nii	sub-983291	/home/francois/cimaq_events2020/sub-3874544/sub-3874544_task-Memory_events.tsv	/home/francois/cimaq_events2020/sub-3874544/sub-3874544_task-Retrieval.tsv
sub-3967609	/home/francois/cimaq_events2020/sub-3967609/sub-3967609_Motionfile.tsv	/home/francois/cimaq_events2020/sub-3967609/sub-3967609_Motionfile.tsv	/media/francois/seagate_8tb/cimaq_03-19_data_simexp_DATA/CIMAQ_fmri_memory_data_neuromod_DATA/data/anat/anat_sub932933_nuc_stereonl.nii	/media/francois/seagate_8tb/cimaq_03-19_data_simexp_DATA/CIMAQ_fmri_memory_data_neuromod_DATA/data/fmri_resample/fmri_sub932933_sess4_run1_n.nii.gz	/media/francois/seagate_8tb/cimaq_03-19_data_simexp_DATA/CIMAQ_fmri_memory_data_neuromod_DATA/data/confounds_resample/fmri_sub932933_sess4_run1_n_confounds.tsv	/media/francois/seagate_8tb/cimaq_03-19_data_simexp_DATA/CIMAQ_fmri_memory_data_neuromod_DATA/data/masks/func_sub932933_mask_stereonl.nii	sub-932933	/home/francois/cimaq_events2020/sub-3967609/sub-3967609_task-Memory_events.tsv	/home/francois/cimaq_events2020/sub-3967609/sub-3967609_task-Retrieval.tsv
sub-3970362	/home/francois/cimaq_events2020/sub-3970362/sub-3970362_Motionfile.tsv	/home/francois/cimaq_events2020/sub-3970362/sub-3970362_Motionfile.tsv	/media/francois/seagate_8tb/cimaq_03-19_data_simexp_DATA/CIMAQ_fmri_memory_data_neuromod_DATA/data/anat/anat_sub408506_nuc_stereonl.nii	/media/francois/seagate_8tb/cimaq_03-19_data_simexp_DATA/CIMAQ_fmri_memory_data_neuromod_DATA/data/fmri_resample/fmri_sub408506_sess4_run1_n.nii.gz	/media/francois/seagate_8tb/cimaq_03-19_data_simexp_DATA/CIMAQ_fmri_memory_data_neuromod_DATA/data/confounds_resample/fmri_sub408506_sess4_run1_n_confounds.tsv	/media/francois/seagate_8tb/cimaq_03-19_data_simexp_DATA/CIMAQ_fmri_memory_data_neuromod_DATA/data/masks/func_sub408506_mask_stereonl.nii	sub-408506	/home/francois/cimaq_events2020/sub-3970362/sub-3970362_task-Memory_events.tsv	/home/francois/cimaq_events2020/sub-3970362/sub-3970362_task-Retrieval.tsv
sub-4050235	/home/francois/cimaq_events2020/sub-4050235/sub-4050235_Motionfile.tsv	/home/francois/cimaq_events2020/sub-4050235/sub-4050235_Motionfile.tsv	/media/francois/seagate_8tb/cimaq_03-19_data_simexp_DATA/CIMAQ_fmri_memory_data_neuromod_DATA/data/anat/anat_sub597569_nuc_stereonl.nii	/media/francois/seagate_8tb/cimaq_03-19_data_simexp_DATA/CIMAQ_fmri_memory_data_neuromod_DATA/data/fmri_resample/fmri_sub597569_sess4_run1_n.nii.gz	/media/francois/seagate_8tb/cimaq_03-19_data_simexp_DATA/CIMAQ_fmri_memory_data_neuromod_DATA/data/confounds_resample/fmri_sub597569_sess4_run1_n_confounds.tsv	/media/francois/seagate_8tb/cimaq_03-19_data_simexp_DATA/CIMAQ_fmri_memory_data_neuromod_DATA/data/masks/func_sub597569_mask_stereonl.nii	sub-597569	/home/francois/cimaq_events2020/sub-4050235/sub-4050235_task-Memory_events.tsv	/home/francois/cimaq_events2020/sub-4050235/sub-4050235_task-Retrieval.tsv
sub-4051959	/home/francois/cimaq_events2020/sub-4051959/sub-4051959_Motionfile.tsv	/home/francois/cimaq_events2020/sub-4051959/sub-4051959_Motionfile.tsv	/media/francois/seagate_8tb/cimaq_03-19_data_simexp_DATA/CIMAQ_fmri_memory_data_neuromod_DATA/data/anat/anat_sub763590_nuc_stereonl.nii	/media/francois/seagate_8tb/cimaq_03-19_data_simexp_DATA/CIMAQ_fmri_memory_data_neuromod_DATA/data/fmri_resample/fmri_sub763590_sess4_run1_n.nii.gz	/media/francois/seagate_8tb/cimaq_03-19_data_simexp_DATA/CIMAQ_fmri_memory_data_neuromod_DATA/data/confounds_resample/fmri_sub763590_sess4_run1_n_confounds.tsv	/media/francois/seagate_8tb/cimaq_03-19_data_simexp_DATA/CIMAQ_fmri_memory_data_neuromod_DATA/data/masks/func_sub763590_mask_stereonl.nii	sub-763590	/home/francois/cimaq_events2020/sub-4051959/sub-4051959_task-Memory_events.tsv	/home/francois/cimaq_events2020/sub-4051959/sub-4051959_task-Retrieval.tsv
sub-4117134	/home/francois/cimaq_events2020/sub-4117134/sub-4117134_Motionfile.tsv	/home/francois/cimaq_events2020/sub-4117134/sub-4117134_Motionfile.tsv	/media/francois/seagate_8tb/cimaq_03-19_data_simexp_DATA/CIMAQ_fmri_memory_data_neuromod_DATA/data/anat/anat_sub350555_nuc_stereonl.nii	/media/francois/seagate_8tb/cimaq_03-19_data_simexp_DATA/CIMAQ_fmri_memory_data_neuromod_DATA/data/fmri_resample/fmri_sub350555_sess4_run1_n.nii.gz	/media/francois/seagate_8tb/cimaq_03-19_data_simexp_DATA/CIMAQ_fmri_memory_data_neuromod_DATA/data/confounds_resample/fmri_sub350555_sess4_run1_n_confounds.tsv	/media/francois/seagate_8tb/cimaq_03-19_data_simexp_DATA/CIMAQ_fmri_memory_data_neuromod_DATA/data/masks/func_sub350555_mask_stereonl.nii	sub-350555	/home/francois/cimaq_events2020/sub-4117134/sub-4117134_task-Memory_events.tsv	/home/francois/cimaq_events2020/sub-4117134/sub-4117134_task-Retrieval.tsv
sub-4344061	/home/francois/cimaq_events2020/sub-4344061/sub-4344061_Motionfile.tsv	/home/francois/cimaq_events2020/sub-4344061/sub-4344061_Motionfile.tsv	/media/francois/seagate_8tb/cimaq_03-19_data_simexp_DATA/CIMAQ_fmri_memory_data_neuromod_DATA/data/anat/anat_sub936730_nuc_stereonl.nii	/media/francois/seagate_8tb/cimaq_03-19_data_simexp_DATA/CIMAQ_fmri_memory_data_neuromod_DATA/data/fmri_resample/fmri_sub936730_sess4_run1_n.nii.gz	/media/francois/seagate_8tb/cimaq_03-19_data_simexp_DATA/CIMAQ_fmri_memory_data_neuromod_DATA/data/confounds_resample/fmri_sub936730_sess4_run1_n_confounds.tsv	/media/francois/seagate_8tb/cimaq_03-19_data_simexp_DATA/CIMAQ_fmri_memory_data_neuromod_DATA/data/masks/func_sub936730_mask_stereonl.nii	sub-936730	/home/francois/cimaq_events2020/sub-4344061/sub-4344061_task-Memory_events.tsv	/home/francois/cimaq_events2020/sub-4344061/sub-4344061_task-Retrieval.tsv
sub-4398745	/home/francois/cimaq_events2020/sub-4398745/sub-4398745_Motionfile.tsv	/home/francois/cimaq_events2020/sub-4398745/sub-4398745_Motionfile.tsv	/media/francois/seagate_8tb/cimaq_03-19_data_simexp_DATA/CIMAQ_fmri_memory_data_neuromod_DATA/data/anat/anat_sub219637_nuc_stereonl.nii	/media/francois/seagate_8tb/cimaq_03-19_data_simexp_DATA/CIMAQ_fmri_memory_data_neuromod_DATA/data/fmri_resample/fmri_sub219637_sess4_run1_n.nii.gz	/media/francois/seagate_8tb/cimaq_03-19_data_simexp_DATA/CIMAQ_fmri_memory_data_neuromod_DATA/data/confounds_resample/fmri_sub219637_sess4_run1_n_confounds.tsv	/media/francois/seagate_8tb/cimaq_03-19_data_simexp_DATA/CIMAQ_fmri_memory_data_neuromod_DATA/data/masks/func_sub219637_mask_stereonl.nii	sub-219637	/home/francois/cimaq_events2020/sub-4398745/sub-4398745_task-Memory_events.tsv	/home/francois/cimaq_events2020/sub-4398745/sub-4398745_task-Retrieval.tsv
sub-4501657	/home/francois/cimaq_events2020/sub-4501657/sub-4501657_Motionfile.tsv	/home/francois/cimaq_events2020/sub-4501657/sub-4501657_Motionfile.tsv	/media/francois/seagate_8tb/cimaq_03-19_data_simexp_DATA/CIMAQ_fmri_memory_data_neuromod_DATA/data/anat/anat_sub567214_nuc_stereonl.nii	/media/francois/seagate_8tb/cimaq_03-19_data_simexp_DATA/CIMAQ_fmri_memory_data_neuromod_DATA/data/fmri_resample/fmri_sub567214_sess4_run1_n.nii.gz	/media/francois/seagate_8tb/cimaq_03-19_data_simexp_DATA/CIMAQ_fmri_memory_data_neuromod_DATA/data/confounds_resample/fmri_sub567214_sess4_run1_n_confounds.tsv	/media/francois/seagate_8tb/cimaq_03-19_data_simexp_DATA/CIMAQ_fmri_memory_data_neuromod_DATA/data/masks/func_sub567214_mask_stereonl.nii	sub-567214	/home/francois/cimaq_events2020/sub-4501657/sub-4501657_task-Memory_events.tsv	/home/francois/cimaq_events2020/sub-4501657/sub-4501657_task-Retrieval.tsv
sub-4509950	/home/francois/cimaq_events2020/sub-4509950/sub-4509950_Motionfile.tsv	/home/francois/cimaq_events2020/sub-4509950/sub-4509950_Motionfile.tsv	/media/francois/seagate_8tb/cimaq_03-19_data_simexp_DATA/CIMAQ_fmri_memory_data_neuromod_DATA/data/anat/anat_sub108391_nuc_stereonl.nii	/media/francois/seagate_8tb/cimaq_03-19_data_simexp_DATA/CIMAQ_fmri_memory_data_neuromod_DATA/data/fmri_resample/fmri_sub108391_sess4_run1_n.nii.gz	/media/francois/seagate_8tb/cimaq_03-19_data_simexp_DATA/CIMAQ_fmri_memory_data_neuromod_DATA/data/confounds_resample/fmri_sub108391_sess4_run1_n_confounds.tsv	/media/francois/seagate_8tb/cimaq_03-19_data_simexp_DATA/CIMAQ_fmri_memory_data_neuromod_DATA/data/masks/func_sub108391_mask_stereonl.nii	sub-108391	/home/francois/cimaq_events2020/sub-4509950/sub-4509950_task-Memory_events.tsv	/home/francois/cimaq_events2020/sub-4509950/sub-4509950_task-Retrieval.tsv
sub-4548020	/home/francois/cimaq_events2020/sub-4548020/sub-4548020_Motionfile.tsv	/home/francois/cimaq_events2020/sub-4548020/sub-4548020_Motionfile.tsv	/media/francois/seagate_8tb/cimaq_03-19_data_simexp_DATA/CIMAQ_fmri_memory_data_neuromod_DATA/data/anat/anat_sub258912_nuc_stereonl.nii	/media/francois/seagate_8tb/cimaq_03-19_data_simexp_DATA/CIMAQ_fmri_memory_data_neuromod_DATA/data/fmri_resample/fmri_sub258912_sess4_run1_n.nii.gz	/media/francois/seagate_8tb/cimaq_03-19_data_simexp_DATA/CIMAQ_fmri_memory_data_neuromod_DATA/data/confounds_resample/fmri_sub258912_sess4_run1_n_confounds.tsv	/media/francois/seagate_8tb/cimaq_03-19_data_simexp_DATA/CIMAQ_fmri_memory_data_neuromod_DATA/data/masks/func_sub258912_mask_stereonl.nii	sub-258912	/home/francois/cimaq_events2020/sub-4548020/sub-4548020_task-Memory_events.tsv	/home/francois/cimaq_events2020/sub-4548020/sub-4548020_task-Retrieval.tsv
sub-4557550	/home/francois/cimaq_events2020/sub-4557550/sub-4557550_Motionfile.tsv	/home/francois/cimaq_events2020/sub-4557550/sub-4557550_Motionfile.tsv	/media/francois/seagate_8tb/cimaq_03-19_data_simexp_DATA/CIMAQ_fmri_memory_data_neuromod_DATA/data/anat/anat_sub270218_nuc_stereonl.nii	/media/francois/seagate_8tb/cimaq_03-19_data_simexp_DATA/CIMAQ_fmri_memory_data_neuromod_DATA/data/fmri_resample/fmri_sub270218_sess4_run1_n.nii.gz	/media/francois/seagate_8tb/cimaq_03-19_data_simexp_DATA/CIMAQ_fmri_memory_data_neuromod_DATA/data/confounds_resample/fmri_sub270218_sess4_run1_n_confounds.tsv	/media/francois/seagate_8tb/cimaq_03-19_data_simexp_DATA/CIMAQ_fmri_memory_data_neuromod_DATA/data/masks/func_sub270218_mask_stereonl.nii	sub-270218	/home/francois/cimaq_events2020/sub-4557550/sub-4557550_task-Memory_events.tsv	/home/francois/cimaq_events2020/sub-4557550/sub-4557550_task-Retrieval.tsv
sub-4576408	/home/francois/cimaq_events2020/sub-4576408/sub-4576408_Motionfile.tsv	/home/francois/cimaq_events2020/sub-4576408/sub-4576408_Motionfile.tsv	/media/francois/seagate_8tb/cimaq_03-19_data_simexp_DATA/CIMAQ_fmri_memory_data_neuromod_DATA/data/anat/anat_sub996599_nuc_stereonl.nii	/media/francois/seagate_8tb/cimaq_03-19_data_simexp_DATA/CIMAQ_fmri_memory_data_neuromod_DATA/data/fmri_resample/fmri_sub996599_sess4_run1_n.nii.gz	/media/francois/seagate_8tb/cimaq_03-19_data_simexp_DATA/CIMAQ_fmri_memory_data_neuromod_DATA/data/confounds_resample/fmri_sub996599_sess4_run1_n_confounds.tsv	/media/francois/seagate_8tb/cimaq_03-19_data_simexp_DATA/CIMAQ_fmri_memory_data_neuromod_DATA/data/masks/func_sub996599_mask_stereonl.nii	sub-996599	/home/francois/cimaq_events2020/sub-4576408/sub-4576408_task-Memory_events.tsv	/home/francois/cimaq_events2020/sub-4576408/sub-4576408_task-Retrieval.tsv
sub-4669690	/home/francois/cimaq_events2020/sub-4669690/sub-4669690_Motionfile.tsv	/home/francois/cimaq_events2020/sub-4669690/sub-4669690_Motionfile.tsv	/media/francois/seagate_8tb/cimaq_03-19_data_simexp_DATA/CIMAQ_fmri_memory_data_neuromod_DATA/data/anat/anat_sub229301_nuc_stereonl.nii	/media/francois/seagate_8tb/cimaq_03-19_data_simexp_DATA/CIMAQ_fmri_memory_data_neuromod_DATA/data/fmri_resample/fmri_sub229301_sess4_run1_n.nii.gz	/media/francois/seagate_8tb/cimaq_03-19_data_simexp_DATA/CIMAQ_fmri_memory_data_neuromod_DATA/data/confounds_resample/fmri_sub229301_sess4_run1_n_confounds.tsv	/media/francois/seagate_8tb/cimaq_03-19_data_simexp_DATA/CIMAQ_fmri_memory_data_neuromod_DATA/data/masks/func_sub229301_mask_stereonl.nii	sub-229301	/home/francois/cimaq_events2020/sub-4669690/sub-4669690_task-Memory_events.tsv	/home/francois/cimaq_events2020/sub-4669690/sub-4669690_task-Retrieval.tsv
sub-4810652	/home/francois/cimaq_events2020/sub-4810652/sub-4810652_Motionfile.tsv	/home/francois/cimaq_events2020/sub-4810652/sub-4810652_Motionfile.tsv	/media/francois/seagate_8tb/cimaq_03-19_data_simexp_DATA/CIMAQ_fmri_memory_data_neuromod_DATA/data/anat/anat_sub314409_nuc_stereonl.nii	/media/francois/seagate_8tb/cimaq_03-19_data_simexp_DATA/CIMAQ_fmri_memory_data_neuromod_DATA/data/fmri_resample/fmri_sub314409_sess4_run1_n.nii.gz	/media/francois/seagate_8tb/cimaq_03-19_data_simexp_DATA/CIMAQ_fmri_memory_data_neuromod_DATA/data/confounds_resample/fmri_sub314409_sess4_run1_n_confounds.tsv	/media/francois/seagate_8tb/cimaq_03-19_data_simexp_DATA/CIMAQ_fmri_memory_data_neuromod_DATA/data/masks/func_sub314409_mask_stereonl.nii	sub-314409	/home/francois/cimaq_events2020/sub-4810652/sub-4810652_task-Memory_events.tsv	/home/francois/cimaq_events2020/sub-4810652/sub-4810652_task-Retrieval.tsv
sub-5028259	/home/francois/cimaq_events2020/sub-5028259/sub-5028259_Motionfile.tsv	/home/francois/cimaq_events2020/sub-5028259/sub-5028259_Motionfile.tsv	/media/francois/seagate_8tb/cimaq_03-19_data_simexp_DATA/CIMAQ_fmri_memory_data_neuromod_DATA/data/anat/anat_sub804743_nuc_stereonl.nii	/media/francois/seagate_8tb/cimaq_03-19_data_simexp_DATA/CIMAQ_fmri_memory_data_neuromod_DATA/data/fmri_resample/fmri_sub804743_sess4_run1_n.nii.gz	/media/francois/seagate_8tb/cimaq_03-19_data_simexp_DATA/CIMAQ_fmri_memory_data_neuromod_DATA/data/confounds_resample/fmri_sub804743_sess4_run1_n_confounds.tsv	/media/francois/seagate_8tb/cimaq_03-19_data_simexp_DATA/CIMAQ_fmri_memory_data_neuromod_DATA/data/masks/func_sub804743_mask_stereonl.nii	sub-804743	/home/francois/cimaq_events2020/sub-5028259/sub-5028259_task-Memory_events.tsv	/home/francois/cimaq_events2020/sub-5028259/sub-5028259_task-Retrieval.tsv
sub-5089797	/home/francois/cimaq_events2020/sub-5089797/sub-5089797_Motionfile.tsv	/home/francois/cimaq_events2020/sub-5089797/sub-5089797_Motionfile.tsv	/media/francois/seagate_8tb/cimaq_03-19_data_simexp_DATA/CIMAQ_fmri_memory_data_neuromod_DATA/data/anat/anat_sub458807_nuc_stereonl.nii	/media/francois/seagate_8tb/cimaq_03-19_data_simexp_DATA/CIMAQ_fmri_memory_data_neuromod_DATA/data/fmri_resample/fmri_sub458807_sess4_run1_n.nii.gz	/media/francois/seagate_8tb/cimaq_03-19_data_simexp_DATA/CIMAQ_fmri_memory_data_neuromod_DATA/data/confounds_resample/fmri_sub458807_sess4_run1_n_confounds.tsv	/media/francois/seagate_8tb/cimaq_03-19_data_simexp_DATA/CIMAQ_fmri_memory_data_neuromod_DATA/data/masks/func_sub458807_mask_stereonl.nii	sub-458807	/home/francois/cimaq_events2020/sub-5089797/sub-5089797_task-Memory_events.tsv	/home/francois/cimaq_events2020/sub-5089797/sub-5089797_task-Retrieval.tsv
sub-5348754	/home/francois/cimaq_events2020/sub-5348754/sub-5348754_Motionfile.tsv	/home/francois/cimaq_events2020/sub-5348754/sub-5348754_Motionfile.tsv	/media/francois/seagate_8tb/cimaq_03-19_data_simexp_DATA/CIMAQ_fmri_memory_data_neuromod_DATA/data/anat/anat_sub258618_nuc_stereonl.nii	/media/francois/seagate_8tb/cimaq_03-19_data_simexp_DATA/CIMAQ_fmri_memory_data_neuromod_DATA/data/fmri_resample/fmri_sub258618_sess4_run1_n.nii.gz	/media/francois/seagate_8tb/cimaq_03-19_data_simexp_DATA/CIMAQ_fmri_memory_data_neuromod_DATA/data/confounds_resample/fmri_sub258618_sess4_run1_n_confounds.tsv	/media/francois/seagate_8tb/cimaq_03-19_data_simexp_DATA/CIMAQ_fmri_memory_data_neuromod_DATA/data/masks/func_sub258618_mask_stereonl.nii	sub-258618	/home/francois/cimaq_events2020/sub-5348754/sub-5348754_task-Memory_events.tsv	/home/francois/cimaq_events2020/sub-5348754/sub-5348754_task-Retrieval.tsv
sub-5375537	/home/francois/cimaq_events2020/sub-5375537/sub-5375537_Motionfile.tsv	/home/francois/cimaq_events2020/sub-5375537/sub-5375537_Motionfile.tsv	/media/francois/seagate_8tb/cimaq_03-19_data_simexp_DATA/CIMAQ_fmri_memory_data_neuromod_DATA/data/anat/anat_sub247659_nuc_stereonl.nii	/media/francois/seagate_8tb/cimaq_03-19_data_simexp_DATA/CIMAQ_fmri_memory_data_neuromod_DATA/data/fmri_resample/fmri_sub247659_sess4_run1_n.nii.gz	/media/francois/seagate_8tb/cimaq_03-19_data_simexp_DATA/CIMAQ_fmri_memory_data_neuromod_DATA/data/confounds_resample/fmri_sub247659_sess4_run1_n_confounds.tsv	/media/francois/seagate_8tb/cimaq_03-19_data_simexp_DATA/CIMAQ_fmri_memory_data_neuromod_DATA/data/masks/func_sub247659_mask_stereonl.nii	sub-247659	/home/francois/cimaq_events2020/sub-5375537/sub-5375537_task-Memory_events.tsv	/home/francois/cimaq_events2020/sub-5375537/sub-5375537_task-Retrieval.tsv
sub-5381177	/home/francois/cimaq_events2020/sub-5381177/sub-5381177_Motionfile.tsv	/home/francois/cimaq_events2020/sub-5381177/sub-5381177_Motionfile.tsv	/media/francois/seagate_8tb/cimaq_03-19_data_simexp_DATA/CIMAQ_fmri_memory_data_neuromod_DATA/data/anat/anat_sub938001_nuc_stereonl.nii	/media/francois/seagate_8tb/cimaq_03-19_data_simexp_DATA/CIMAQ_fmri_memory_data_neuromod_DATA/data/fmri_resample/fmri_sub938001_sess4_run1_n.nii.gz	/media/francois/seagate_8tb/cimaq_03-19_data_simexp_DATA/CIMAQ_fmri_memory_data_neuromod_DATA/data/confounds_resample/fmri_sub938001_sess4_run1_n_confounds.tsv	/media/francois/seagate_8tb/cimaq_03-19_data_simexp_DATA/CIMAQ_fmri_memory_data_neuromod_DATA/data/masks/func_sub938001_mask_stereonl.nii	sub-938001	/home/francois/cimaq_events2020/sub-5381177/sub-5381177_task-Memory_events.tsv	/home/francois/cimaq_events2020/sub-5381177/sub-5381177_task-Retrieval.tsv
sub-5477234	/home/francois/cimaq_events2020/sub-5477234/sub-5477234_Motionfile.tsv	/home/francois/cimaq_events2020/sub-5477234/sub-5477234_Motionfile.tsv	/media/francois/seagate_8tb/cimaq_03-19_data_simexp_DATA/CIMAQ_fmri_memory_data_neuromod_DATA/data/anat/anat_sub385370_nuc_stereonl.nii	/media/francois/seagate_8tb/cimaq_03-19_data_simexp_DATA/CIMAQ_fmri_memory_data_neuromod_DATA/data/fmri_resample/fmri_sub385370_sess4_run1_n.nii.gz	/media/francois/seagate_8tb/cimaq_03-19_data_simexp_DATA/CIMAQ_fmri_memory_data_neuromod_DATA/data/confounds_resample/fmri_sub385370_sess4_run1_n_confounds.tsv	/media/francois/seagate_8tb/cimaq_03-19_data_simexp_DATA/CIMAQ_fmri_memory_data_neuromod_DATA/data/masks/func_sub385370_mask_stereonl.nii	sub-385370	/home/francois/cimaq_events2020/sub-5477234/sub-5477234_task-Memory_events.tsv	/home/francois/cimaq_events2020/sub-5477234/sub-5477234_task-Retrieval.tsv
sub-5485738	/home/francois/cimaq_events2020/sub-5485738/sub-5485738_Motionfile.tsv	/home/francois/cimaq_events2020/sub-5485738/sub-5485738_Motionfile.tsv	/media/francois/seagate_8tb/cimaq_03-19_data_simexp_DATA/CIMAQ_fmri_memory_data_neuromod_DATA/data/anat/anat_sub652850_nuc_stereonl.nii	/media/francois/seagate_8tb/cimaq_03-19_data_simexp_DATA/CIMAQ_fmri_memory_data_neuromod_DATA/data/fmri_resample/fmri_sub652850_sess4_run1_n.nii.gz	/media/francois/seagate_8tb/cimaq_03-19_data_simexp_DATA/CIMAQ_fmri_memory_data_neuromod_DATA/data/confounds_resample/fmri_sub652850_sess4_run1_n_confounds.tsv	/media/francois/seagate_8tb/cimaq_03-19_data_simexp_DATA/CIMAQ_fmri_memory_data_neuromod_DATA/data/masks/func_sub652850_mask_stereonl.nii	sub-652850	/home/francois/cimaq_events2020/sub-5485738/sub-5485738_task-Memory_events.tsv	/home/francois/cimaq_events2020/sub-5485738/sub-5485738_task-Retrieval.tsv
sub-5701721	/home/francois/cimaq_events2020/sub-5701721/sub-5701721_Motionfile.tsv	/home/francois/cimaq_events2020/sub-5701721/sub-5701721_Motionfile.tsv	/media/francois/seagate_8tb/cimaq_03-19_data_simexp_DATA/CIMAQ_fmri_memory_data_neuromod_DATA/data/anat/anat_sub659068_nuc_stereonl.nii	/media/francois/seagate_8tb/cimaq_03-19_data_simexp_DATA/CIMAQ_fmri_memory_data_neuromod_DATA/data/fmri_resample/fmri_sub659068_sess4_run1_n.nii.gz	/media/francois/seagate_8tb/cimaq_03-19_data_simexp_DATA/CIMAQ_fmri_memory_data_neuromod_DATA/data/confounds_resample/fmri_sub659068_sess4_run1_n_confounds.tsv	/media/francois/seagate_8tb/cimaq_03-19_data_simexp_DATA/CIMAQ_fmri_memory_data_neuromod_DATA/data/masks/func_sub659068_mask_stereonl.nii	sub-659068	/home/francois/cimaq_events2020/sub-5701721/sub-5701721_task-Memory_events.tsv	/home/francois/cimaq_events2020/sub-5701721/sub-5701721_task-Retrieval.tsv
sub-5760364	/home/francois/cimaq_events2020/sub-5760364/sub-5760364_Motionfile.tsv	/home/francois/cimaq_events2020/sub-5760364/sub-5760364_Motionfile.tsv	/media/francois/seagate_8tb/cimaq_03-19_data_simexp_DATA/CIMAQ_fmri_memory_data_neuromod_DATA/data/anat/anat_sub139593_nuc_stereonl.nii	/media/francois/seagate_8tb/cimaq_03-19_data_simexp_DATA/CIMAQ_fmri_memory_data_neuromod_DATA/data/fmri_resample/fmri_sub139593_sess4_run1_n.nii.gz	/media/francois/seagate_8tb/cimaq_03-19_data_simexp_DATA/CIMAQ_fmri_memory_data_neuromod_DATA/data/confounds_resample/fmri_sub139593_sess4_run1_n_confounds.tsv	/media/francois/seagate_8tb/cimaq_03-19_data_simexp_DATA/CIMAQ_fmri_memory_data_neuromod_DATA/data/masks/func_sub139593_mask_stereonl.nii	sub-139593	/home/francois/cimaq_events2020/sub-5760364/sub-5760364_task-Memory_events.tsv	/home/francois/cimaq_events2020/sub-5760364/sub-5760364_task-Retrieval.tsv
sub-6121388	/home/francois/cimaq_events2020/sub-6121388/sub-6121388_Motionfile.tsv	/home/francois/cimaq_events2020/sub-6121388/sub-6121388_Motionfile.tsv	/media/francois/seagate_8tb/cimaq_03-19_data_simexp_DATA/CIMAQ_fmri_memory_data_neuromod_DATA/data/anat/anat_sub459801_nuc_stereonl.nii	/media/francois/seagate_8tb/cimaq_03-19_data_simexp_DATA/CIMAQ_fmri_memory_data_neuromod_DATA/data/fmri_resample/fmri_sub459801_sess4_run1_n.nii.gz	/media/francois/seagate_8tb/cimaq_03-19_data_simexp_DATA/CIMAQ_fmri_memory_data_neuromod_DATA/data/confounds_resample/fmri_sub459801_sess4_run1_n_confounds.tsv	/media/francois/seagate_8tb/cimaq_03-19_data_simexp_DATA/CIMAQ_fmri_memory_data_neuromod_DATA/data/masks/func_sub459801_mask_stereonl.nii	sub-459801	/home/francois/cimaq_events2020/sub-6121388/sub-6121388_task-Memory_events.tsv	/home/francois/cimaq_events2020/sub-6121388/sub-6121388_task-Retrieval.tsv
sub-6168985	/home/francois/cimaq_events2020/sub-6168985/sub-6168985_Motionfile.tsv	/home/francois/cimaq_events2020/sub-6168985/sub-6168985_Motionfile.tsv	/media/francois/seagate_8tb/cimaq_03-19_data_simexp_DATA/CIMAQ_fmri_memory_data_neuromod_DATA/data/anat/anat_sub255499_nuc_stereonl.nii	/media/francois/seagate_8tb/cimaq_03-19_data_simexp_DATA/CIMAQ_fmri_memory_data_neuromod_DATA/data/fmri_resample/fmri_sub255499_sess4_run1_n.nii.gz	/media/francois/seagate_8tb/cimaq_03-19_data_simexp_DATA/CIMAQ_fmri_memory_data_neuromod_DATA/data/confounds_resample/fmri_sub255499_sess4_run1_n_confounds.tsv	/media/francois/seagate_8tb/cimaq_03-19_data_simexp_DATA/CIMAQ_fmri_memory_data_neuromod_DATA/data/masks/func_sub255499_mask_stereonl.nii	sub-255499	/home/francois/cimaq_events2020/sub-6168985/sub-6168985_task-Memory_events.tsv	/home/francois/cimaq_events2020/sub-6168985/sub-6168985_task-Retrieval.tsv
sub-6258913	/home/francois/cimaq_events2020/sub-6258913/sub-6258913_Motionfile.tsv	/home/francois/cimaq_events2020/sub-6258913/sub-6258913_Motionfile.tsv	/media/francois/seagate_8tb/cimaq_03-19_data_simexp_DATA/CIMAQ_fmri_memory_data_neuromod_DATA/data/anat/anat_sub439776_nuc_stereonl.nii	/media/francois/seagate_8tb/cimaq_03-19_data_simexp_DATA/CIMAQ_fmri_memory_data_neuromod_DATA/data/fmri_resample/fmri_sub439776_sess4_run1_n.nii.gz	/media/francois/seagate_8tb/cimaq_03-19_data_simexp_DATA/CIMAQ_fmri_memory_data_neuromod_DATA/data/confounds_resample/fmri_sub439776_sess4_run1_n_confounds.tsv	/media/francois/seagate_8tb/cimaq_03-19_data_simexp_DATA/CIMAQ_fmri_memory_data_neuromod_DATA/data/masks/func_sub439776_mask_stereonl.nii	sub-439776	/home/francois/cimaq_events2020/sub-6258913/sub-6258913_task-Memory_events.tsv	/home/francois/cimaq_events2020/sub-6258913/sub-6258913_task-Retrieval.tsv
sub-6274286	/home/francois/cimaq_events2020/sub-6274286/sub-6274286_Motionfile.tsv	/home/francois/cimaq_events2020/sub-6274286/sub-6274286_Motionfile.tsv	/media/francois/seagate_8tb/cimaq_03-19_data_simexp_DATA/CIMAQ_fmri_memory_data_neuromod_DATA/data/anat/anat_sub336665_nuc_stereonl.nii	/media/francois/seagate_8tb/cimaq_03-19_data_simexp_DATA/CIMAQ_fmri_memory_data_neuromod_DATA/data/fmri_resample/fmri_sub336665_sess4_run1_n.nii.gz	/media/francois/seagate_8tb/cimaq_03-19_data_simexp_DATA/CIMAQ_fmri_memory_data_neuromod_DATA/data/confounds_resample/fmri_sub336665_sess4_run1_n_confounds.tsv	/media/francois/seagate_8tb/cimaq_03-19_data_simexp_DATA/CIMAQ_fmri_memory_data_neuromod_DATA/data/masks/func_sub336665_mask_stereonl.nii	sub-336665	/home/francois/cimaq_events2020/sub-6274286/sub-6274286_task-Memory_events.tsv	/home/francois/cimaq_events2020/sub-6274286/sub-6274286_task-Retrieval.tsv
sub-6281721	/home/francois/cimaq_events2020/sub-6281721/sub-6281721_Motionfile.tsv	/home/francois/cimaq_events2020/sub-6281721/sub-6281721_Motionfile.tsv	/media/francois/seagate_8tb/cimaq_03-19_data_simexp_DATA/CIMAQ_fmri_memory_data_neuromod_DATA/data/anat/anat_sub517070_nuc_stereonl.nii	/media/francois/seagate_8tb/cimaq_03-19_data_simexp_DATA/CIMAQ_fmri_memory_data_neuromod_DATA/data/fmri_resample/fmri_sub517070_sess4_run1_n.nii.gz	/media/francois/seagate_8tb/cimaq_03-19_data_simexp_DATA/CIMAQ_fmri_memory_data_neuromod_DATA/data/confounds_resample/fmri_sub517070_sess4_run1_n_confounds.tsv	/media/francois/seagate_8tb/cimaq_03-19_data_simexp_DATA/CIMAQ_fmri_memory_data_neuromod_DATA/data/masks/func_sub517070_mask_stereonl.nii	sub-517070	/home/francois/cimaq_events2020/sub-6281721/sub-6281721_task-Memory_events.tsv	/home/francois/cimaq_events2020/sub-6281721/sub-6281721_task-Retrieval.tsv
sub-6334263	/home/francois/cimaq_events2020/sub-6334263/sub-6334263_Motionfile.tsv	/home/francois/cimaq_events2020/sub-6334263/sub-6334263_Motionfile.tsv	/media/francois/seagate_8tb/cimaq_03-19_data_simexp_DATA/CIMAQ_fmri_memory_data_neuromod_DATA/data/anat/anat_sub462345_nuc_stereonl.nii	/media/francois/seagate_8tb/cimaq_03-19_data_simexp_DATA/CIMAQ_fmri_memory_data_neuromod_DATA/data/fmri_resample/fmri_sub462345_sess4_run1_n.nii.gz	/media/francois/seagate_8tb/cimaq_03-19_data_simexp_DATA/CIMAQ_fmri_memory_data_neuromod_DATA/data/confounds_resample/fmri_sub462345_sess4_run1_n_confounds.tsv	/media/francois/seagate_8tb/cimaq_03-19_data_simexp_DATA/CIMAQ_fmri_memory_data_neuromod_DATA/data/masks/func_sub462345_mask_stereonl.nii	sub-462345	/home/francois/cimaq_events2020/sub-6334263/sub-6334263_task-Memory_events.tsv	/home/francois/cimaq_events2020/sub-6334263/sub-6334263_task-Retrieval.tsv
sub-6417837	/home/francois/cimaq_events2020/sub-6417837/sub-6417837_Motionfile.tsv	/home/francois/cimaq_events2020/sub-6417837/sub-6417837_Motionfile.tsv	/media/francois/seagate_8tb/cimaq_03-19_data_simexp_DATA/CIMAQ_fmri_memory_data_neuromod_DATA/data/anat/anat_sub396250_nuc_stereonl.nii	/media/francois/seagate_8tb/cimaq_03-19_data_simexp_DATA/CIMAQ_fmri_memory_data_neuromod_DATA/data/fmri_resample/fmri_sub396250_sess4_run1_n.nii.gz	/media/francois/seagate_8tb/cimaq_03-19_data_simexp_DATA/CIMAQ_fmri_memory_data_neuromod_DATA/data/confounds_resample/fmri_sub396250_sess4_run1_n_confounds.tsv	/media/francois/seagate_8tb/cimaq_03-19_data_simexp_DATA/CIMAQ_fmri_memory_data_neuromod_DATA/data/masks/func_sub396250_mask_stereonl.nii	sub-396250	/home/francois/cimaq_events2020/sub-6417837/sub-6417837_task-Memory_events.tsv	/home/francois/cimaq_events2020/sub-6417837/sub-6417837_task-Retrieval.tsv
sub-6421082	/home/francois/cimaq_events2020/sub-6421082/sub-6421082_Motionfile.tsv	/home/francois/cimaq_events2020/sub-6421082/sub-6421082_Motionfile.tsv	/media/francois/seagate_8tb/cimaq_03-19_data_simexp_DATA/CIMAQ_fmri_memory_data_neuromod_DATA/data/anat/anat_sub628299_nuc_stereonl.nii	/media/francois/seagate_8tb/cimaq_03-19_data_simexp_DATA/CIMAQ_fmri_memory_data_neuromod_DATA/data/fmri_resample/fmri_sub628299_sess4_run1_n.nii.gz	/media/francois/seagate_8tb/cimaq_03-19_data_simexp_DATA/CIMAQ_fmri_memory_data_neuromod_DATA/data/confounds_resample/fmri_sub628299_sess4_run1_n_confounds.tsv	/media/francois/seagate_8tb/cimaq_03-19_data_simexp_DATA/CIMAQ_fmri_memory_data_neuromod_DATA/data/masks/func_sub628299_mask_stereonl.nii	sub-628299	/home/francois/cimaq_events2020/sub-6421082/sub-6421082_task-Memory_events.tsv	/home/francois/cimaq_events2020/sub-6421082/sub-6421082_task-Retrieval.tsv
sub-6427603	/home/francois/cimaq_events2020/sub-6427603/sub-6427603_Motionfile.tsv	/home/francois/cimaq_events2020/sub-6427603/sub-6427603_Motionfile.tsv	/media/francois/seagate_8tb/cimaq_03-19_data_simexp_DATA/CIMAQ_fmri_memory_data_neuromod_DATA/data/anat/anat_sub783781_nuc_stereonl.nii	/media/francois/seagate_8tb/cimaq_03-19_data_simexp_DATA/CIMAQ_fmri_memory_data_neuromod_DATA/data/fmri_resample/fmri_sub783781_sess4_run1_n.nii.gz	/media/francois/seagate_8tb/cimaq_03-19_data_simexp_DATA/CIMAQ_fmri_memory_data_neuromod_DATA/data/confounds_resample/fmri_sub783781_sess4_run1_n_confounds.tsv	/media/francois/seagate_8tb/cimaq_03-19_data_simexp_DATA/CIMAQ_fmri_memory_data_neuromod_DATA/data/masks/func_sub783781_mask_stereonl.nii	sub-783781	/home/francois/cimaq_events2020/sub-6427603/sub-6427603_task-Memory_events.tsv	/home/francois/cimaq_events2020/sub-6427603/sub-6427603_task-Retrieval.tsv
sub-6741996	/home/francois/cimaq_events2020/sub-6741996/sub-6741996_Motionfile.tsv	/home/francois/cimaq_events2020/sub-6741996/sub-6741996_Motionfile.tsv	/media/francois/seagate_8tb/cimaq_03-19_data_simexp_DATA/CIMAQ_fmri_memory_data_neuromod_DATA/data/anat/anat_sub884343_nuc_stereonl.nii	/media/francois/seagate_8tb/cimaq_03-19_data_simexp_DATA/CIMAQ_fmri_memory_data_neuromod_DATA/data/fmri_resample/fmri_sub884343_sess4_run1_n.nii.gz	/media/francois/seagate_8tb/cimaq_03-19_data_simexp_DATA/CIMAQ_fmri_memory_data_neuromod_DATA/data/confounds_resample/fmri_sub884343_sess4_run1_n_confounds.tsv	/media/francois/seagate_8tb/cimaq_03-19_data_simexp_DATA/CIMAQ_fmri_memory_data_neuromod_DATA/data/masks/func_sub884343_mask_stereonl.nii	sub-884343	/home/francois/cimaq_events2020/sub-6741996/sub-6741996_task-Memory_events.tsv	/home/francois/cimaq_events2020/sub-6741996/sub-6741996_task-Retrieval.tsv
sub-7060373	/home/francois/cimaq_events2020/sub-7060373/sub-7060373_Motionfile.tsv	/home/francois/cimaq_events2020/sub-7060373/sub-7060373_Motionfile.tsv	/media/francois/seagate_8tb/cimaq_03-19_data_simexp_DATA/CIMAQ_fmri_memory_data_neuromod_DATA/data/anat/anat_sub403131_nuc_stereonl.nii	/media/francois/seagate_8tb/cimaq_03-19_data_simexp_DATA/CIMAQ_fmri_memory_data_neuromod_DATA/data/fmri_resample/fmri_sub403131_sess4_run1_n.nii.gz	/media/francois/seagate_8tb/cimaq_03-19_data_simexp_DATA/CIMAQ_fmri_memory_data_neuromod_DATA/data/confounds_resample/fmri_sub403131_sess4_run1_n_confounds.tsv	/media/francois/seagate_8tb/cimaq_03-19_data_simexp_DATA/CIMAQ_fmri_memory_data_neuromod_DATA/data/masks/func_sub403131_mask_stereonl.nii	sub-403131	/home/francois/cimaq_events2020/sub-7060373/sub-7060373_task-Memory_events.tsv	/home/francois/cimaq_events2020/sub-7060373/sub-7060373_task-Retrieval.tsv
sub-7113680	/home/francois/cimaq_events2020/sub-7113680/sub-7113680_Motionfile.tsv	/home/francois/cimaq_events2020/sub-7113680/sub-7113680_Motionfile.tsv	/media/francois/seagate_8tb/cimaq_03-19_data_simexp_DATA/CIMAQ_fmri_memory_data_neuromod_DATA/data/anat/anat_sub326073_nuc_stereonl.nii	/media/francois/seagate_8tb/cimaq_03-19_data_simexp_DATA/CIMAQ_fmri_memory_data_neuromod_DATA/data/fmri_resample/fmri_sub326073_sess4_run1_n.nii.gz	/media/francois/seagate_8tb/cimaq_03-19_data_simexp_DATA/CIMAQ_fmri_memory_data_neuromod_DATA/data/confounds_resample/fmri_sub326073_sess4_run1_n_confounds.tsv	/media/francois/seagate_8tb/cimaq_03-19_data_simexp_DATA/CIMAQ_fmri_memory_data_neuromod_DATA/data/masks/func_sub326073_mask_stereonl.nii	sub-326073	/home/francois/cimaq_events2020/sub-7113680/sub-7113680_task-Memory_events.tsv	/home/francois/cimaq_events2020/sub-7113680/sub-7113680_task-Retrieval.tsv
sub-7256003	/home/francois/cimaq_events2020/sub-7256003/sub-7256003_Motionfile.tsv	/home/francois/cimaq_events2020/sub-7256003/sub-7256003_Motionfile.tsv	/media/francois/seagate_8tb/cimaq_03-19_data_simexp_DATA/CIMAQ_fmri_memory_data_neuromod_DATA/data/anat/anat_sub441008_nuc_stereonl.nii	/media/francois/seagate_8tb/cimaq_03-19_data_simexp_DATA/CIMAQ_fmri_memory_data_neuromod_DATA/data/fmri_resample/fmri_sub441008_sess4_run1_n.nii.gz	/media/francois/seagate_8tb/cimaq_03-19_data_simexp_DATA/CIMAQ_fmri_memory_data_neuromod_DATA/data/confounds_resample/fmri_sub441008_sess4_run1_n_confounds.tsv	/media/francois/seagate_8tb/cimaq_03-19_data_simexp_DATA/CIMAQ_fmri_memory_data_neuromod_DATA/data/masks/func_sub441008_mask_stereonl.nii	sub-441008	/home/francois/cimaq_events2020/sub-7256003/sub-7256003_task-Memory_events.tsv	/home/francois/cimaq_events2020/sub-7256003/sub-7256003_task-Retrieval.tsv
sub-7308293	/home/francois/cimaq_events2020/sub-7308293/sub-7308293_Motionfile.tsv	/home/francois/cimaq_events2020/sub-7308293/sub-7308293_Motionfile.tsv	/media/francois/seagate_8tb/cimaq_03-19_data_simexp_DATA/CIMAQ_fmri_memory_data_neuromod_DATA/data/anat/anat_sub175295_nuc_stereonl.nii	/media/francois/seagate_8tb/cimaq_03-19_data_simexp_DATA/CIMAQ_fmri_memory_data_neuromod_DATA/data/fmri_resample/fmri_sub175295_sess4_run1_n.nii.gz	/media/francois/seagate_8tb/cimaq_03-19_data_simexp_DATA/CIMAQ_fmri_memory_data_neuromod_DATA/data/confounds_resample/fmri_sub175295_sess4_run1_n_confounds.tsv	/media/francois/seagate_8tb/cimaq_03-19_data_simexp_DATA/CIMAQ_fmri_memory_data_neuromod_DATA/data/masks/func_sub175295_mask_stereonl.nii	sub-175295	/home/francois/cimaq_events2020/sub-7308293/sub-7308293_task-Memory_events.tsv	/home/francois/cimaq_events2020/sub-7308293/sub-7308293_task-Retrieval.tsv
sub-7424803	/home/francois/cimaq_events2020/sub-7424803/sub-7424803_Motionfile.tsv	/home/francois/cimaq_events2020/sub-7424803/sub-7424803_Motionfile.tsv	/media/francois/seagate_8tb/cimaq_03-19_data_simexp_DATA/CIMAQ_fmri_memory_data_neuromod_DATA/data/anat/anat_sub120839_nuc_stereonl.nii	/media/francois/seagate_8tb/cimaq_03-19_data_simexp_DATA/CIMAQ_fmri_memory_data_neuromod_DATA/data/fmri_resample/fmri_sub120839_sess4_run1_n.nii.gz	/media/francois/seagate_8tb/cimaq_03-19_data_simexp_DATA/CIMAQ_fmri_memory_data_neuromod_DATA/data/confounds_resample/fmri_sub120839_sess4_run1_n_confounds.tsv	/media/francois/seagate_8tb/cimaq_03-19_data_simexp_DATA/CIMAQ_fmri_memory_data_neuromod_DATA/data/masks/func_sub120839_mask_stereonl.nii	sub-120839	/home/francois/cimaq_events2020/sub-7424803/sub-7424803_task-Memory_events.tsv	/home/francois/cimaq_events2020/sub-7424803/sub-7424803_task-Retrieval.tsv
sub-7435733	/home/francois/cimaq_events2020/sub-7435733/sub-7435733_Motionfile.tsv	/home/francois/cimaq_events2020/sub-7435733/sub-7435733_Motionfile.tsv	/media/francois/seagate_8tb/cimaq_03-19_data_simexp_DATA/CIMAQ_fmri_memory_data_neuromod_DATA/data/anat/anat_sub543589_nuc_stereonl.nii	/media/francois/seagate_8tb/cimaq_03-19_data_simexp_DATA/CIMAQ_fmri_memory_data_neuromod_DATA/data/fmri_resample/fmri_sub543589_sess4_run1_n.nii.gz	/media/francois/seagate_8tb/cimaq_03-19_data_simexp_DATA/CIMAQ_fmri_memory_data_neuromod_DATA/data/confounds_resample/fmri_sub543589_sess4_run1_n_confounds.tsv	/media/francois/seagate_8tb/cimaq_03-19_data_simexp_DATA/CIMAQ_fmri_memory_data_neuromod_DATA/data/masks/func_sub543589_mask_stereonl.nii	sub-543589	/home/francois/cimaq_events2020/sub-7435733/sub-7435733_task-Memory_events.tsv	/home/francois/cimaq_events2020/sub-7435733/sub-7435733_task-Retrieval.tsv
sub-7459501	/home/francois/cimaq_events2020/sub-7459501/sub-7459501_Motionfile.tsv	/home/francois/cimaq_events2020/sub-7459501/sub-7459501_Motionfile.tsv	/media/francois/seagate_8tb/cimaq_03-19_data_simexp_DATA/CIMAQ_fmri_memory_data_neuromod_DATA/data/anat/anat_sub502616_nuc_stereonl.nii	/media/francois/seagate_8tb/cimaq_03-19_data_simexp_DATA/CIMAQ_fmri_memory_data_neuromod_DATA/data/fmri_resample/fmri_sub502616_sess4_run1_n.nii.gz	/media/francois/seagate_8tb/cimaq_03-19_data_simexp_DATA/CIMAQ_fmri_memory_data_neuromod_DATA/data/confounds_resample/fmri_sub502616_sess4_run1_n_confounds.tsv	/media/francois/seagate_8tb/cimaq_03-19_data_simexp_DATA/CIMAQ_fmri_memory_data_neuromod_DATA/data/masks/func_sub502616_mask_stereonl.nii	sub-502616	/home/francois/cimaq_events2020/sub-7459501/sub-7459501_task-Memory_events.tsv	/home/francois/cimaq_events2020/sub-7459501/sub-7459501_task-Retrieval.tsv
sub-7485585	/home/francois/cimaq_events2020/sub-7485585/sub-7485585_Motionfile.tsv	/home/francois/cimaq_events2020/sub-7485585/sub-7485585_Motionfile.tsv	/media/francois/seagate_8tb/cimaq_03-19_data_simexp_DATA/CIMAQ_fmri_memory_data_neuromod_DATA/data/anat/anat_sub386333_nuc_stereonl.nii	/media/francois/seagate_8tb/cimaq_03-19_data_simexp_DATA/CIMAQ_fmri_memory_data_neuromod_DATA/data/fmri_resample/fmri_sub386333_sess4_run1_n.nii.gz	/media/francois/seagate_8tb/cimaq_03-19_data_simexp_DATA/CIMAQ_fmri_memory_data_neuromod_DATA/data/confounds_resample/fmri_sub386333_sess4_run1_n_confounds.tsv	/media/francois/seagate_8tb/cimaq_03-19_data_simexp_DATA/CIMAQ_fmri_memory_data_neuromod_DATA/data/masks/func_sub386333_mask_stereonl.nii	sub-386333	/home/francois/cimaq_events2020/sub-7485585/sub-7485585_task-Memory_events.tsv	/home/francois/cimaq_events2020/sub-7485585/sub-7485585_task-Retrieval.tsv
sub-7516889	/home/francois/cimaq_events2020/sub-7516889/sub-7516889_Motionfile.tsv	/home/francois/cimaq_events2020/sub-7516889/sub-7516889_Motionfile.tsv	/media/francois/seagate_8tb/cimaq_03-19_data_simexp_DATA/CIMAQ_fmri_memory_data_neuromod_DATA/data/anat/anat_sub979001_nuc_stereonl.nii	/media/francois/seagate_8tb/cimaq_03-19_data_simexp_DATA/CIMAQ_fmri_memory_data_neuromod_DATA/data/fmri_resample/fmri_sub979001_sess4_run1_n.nii.gz	/media/francois/seagate_8tb/cimaq_03-19_data_simexp_DATA/CIMAQ_fmri_memory_data_neuromod_DATA/data/confounds_resample/fmri_sub979001_sess4_run1_n_confounds.tsv	/media/francois/seagate_8tb/cimaq_03-19_data_simexp_DATA/CIMAQ_fmri_memory_data_neuromod_DATA/data/masks/func_sub979001_mask_stereonl.nii	sub-979001	/home/francois/cimaq_events2020/sub-7516889/sub-7516889_task-Memory_events.tsv	/home/francois/cimaq_events2020/sub-7516889/sub-7516889_task-Retrieval.tsv
sub-7538204	/home/francois/cimaq_events2020/sub-7538204/sub-7538204_Motionfile.tsv	/home/francois/cimaq_events2020/sub-7538204/sub-7538204_Motionfile.tsv	/media/francois/seagate_8tb/cimaq_03-19_data_simexp_DATA/CIMAQ_fmri_memory_data_neuromod_DATA/data/anat/anat_sub739694_nuc_stereonl.nii	/media/francois/seagate_8tb/cimaq_03-19_data_simexp_DATA/CIMAQ_fmri_memory_data_neuromod_DATA/data/fmri_resample/fmri_sub739694_sess4_run1_n.nii.gz	/media/francois/seagate_8tb/cimaq_03-19_data_simexp_DATA/CIMAQ_fmri_memory_data_neuromod_DATA/data/confounds_resample/fmri_sub739694_sess4_run1_n_confounds.tsv	/media/francois/seagate_8tb/cimaq_03-19_data_simexp_DATA/CIMAQ_fmri_memory_data_neuromod_DATA/data/masks/func_sub739694_mask_stereonl.nii	sub-739694	/home/francois/cimaq_events2020/sub-7538204/sub-7538204_task-Memory_events.tsv	/home/francois/cimaq_events2020/sub-7538204/sub-7538204_task-Retrieval.tsv
sub-7543023	/home/francois/cimaq_events2020/sub-7543023/sub-7543023_Motionfile.tsv	/home/francois/cimaq_events2020/sub-7543023/sub-7543023_Motionfile.tsv	/media/francois/seagate_8tb/cimaq_03-19_data_simexp_DATA/CIMAQ_fmri_memory_data_neuromod_DATA/data/anat/anat_sub998166_nuc_stereonl.nii	/media/francois/seagate_8tb/cimaq_03-19_data_simexp_DATA/CIMAQ_fmri_memory_data_neuromod_DATA/data/fmri_resample/fmri_sub998166_sess4_run1_n.nii.gz	/media/francois/seagate_8tb/cimaq_03-19_data_simexp_DATA/CIMAQ_fmri_memory_data_neuromod_DATA/data/confounds_resample/fmri_sub998166_sess4_run1_n_confounds.tsv	/media/francois/seagate_8tb/cimaq_03-19_data_simexp_DATA/CIMAQ_fmri_memory_data_neuromod_DATA/data/masks/func_sub998166_mask_stereonl.nii	sub-998166	/home/francois/cimaq_events2020/sub-7543023/sub-7543023_task-Memory_events.tsv	/home/francois/cimaq_events2020/sub-7543023/sub-7543023_task-Retrieval.tsv
sub-7661810	/home/francois/cimaq_events2020/sub-7661810/sub-7661810_Motionfile.tsv	/home/francois/cimaq_events2020/sub-7661810/sub-7661810_Motionfile.tsv	/media/francois/seagate_8tb/cimaq_03-19_data_simexp_DATA/CIMAQ_fmri_memory_data_neuromod_DATA/data/anat/anat_sub490035_nuc_stereonl.nii	/media/francois/seagate_8tb/cimaq_03-19_data_simexp_DATA/CIMAQ_fmri_memory_data_neuromod_DATA/data/fmri_resample/fmri_sub490035_sess4_run1_n.nii.gz	/media/francois/seagate_8tb/cimaq_03-19_data_simexp_DATA/CIMAQ_fmri_memory_data_neuromod_DATA/data/confounds_resample/fmri_sub490035_sess4_run1_n_confounds.tsv	/media/francois/seagate_8tb/cimaq_03-19_data_simexp_DATA/CIMAQ_fmri_memory_data_neuromod_DATA/data/masks/func_sub490035_mask_stereonl.nii	sub-490035	/home/francois/cimaq_events2020/sub-7661810/sub-7661810_task-Memory_events.tsv	/home/francois/cimaq_events2020/sub-7661810/sub-7661810_task-Retrieval.tsv
sub-7674650	/home/francois/cimaq_events2020/sub-7674650/sub-7674650_Motionfile.tsv	/home/francois/cimaq_events2020/sub-7674650/sub-7674650_Motionfile.tsv	/media/francois/seagate_8tb/cimaq_03-19_data_simexp_DATA/CIMAQ_fmri_memory_data_neuromod_DATA/data/anat/anat_sub729722_nuc_stereonl.nii	/media/francois/seagate_8tb/cimaq_03-19_data_simexp_DATA/CIMAQ_fmri_memory_data_neuromod_DATA/data/fmri_resample/fmri_sub729722_sess4_run1_n.nii.gz	/media/francois/seagate_8tb/cimaq_03-19_data_simexp_DATA/CIMAQ_fmri_memory_data_neuromod_DATA/data/confounds_resample/fmri_sub729722_sess4_run1_n_confounds.tsv	/media/francois/seagate_8tb/cimaq_03-19_data_simexp_DATA/CIMAQ_fmri_memory_data_neuromod_DATA/data/masks/func_sub729722_mask_stereonl.nii	sub-729722	/home/francois/cimaq_events2020/sub-7674650/sub-7674650_task-Memory_events.tsv	/home/francois/cimaq_events2020/sub-7674650/sub-7674650_task-Retrieval.tsv
sub-7707569	/home/francois/cimaq_events2020/sub-7707569/sub-7707569_Motionfile.tsv	/home/francois/cimaq_events2020/sub-7707569/sub-7707569_Motionfile.tsv	/media/francois/seagate_8tb/cimaq_03-19_data_simexp_DATA/CIMAQ_fmri_memory_data_neuromod_DATA/data/anat/anat_sub901551_nuc_stereonl.nii	/media/francois/seagate_8tb/cimaq_03-19_data_simexp_DATA/CIMAQ_fmri_memory_data_neuromod_DATA/data/fmri_resample/fmri_sub901551_sess4_run1_n.nii.gz	/media/francois/seagate_8tb/cimaq_03-19_data_simexp_DATA/CIMAQ_fmri_memory_data_neuromod_DATA/data/confounds_resample/fmri_sub901551_sess4_run1_n_confounds.tsv	/media/francois/seagate_8tb/cimaq_03-19_data_simexp_DATA/CIMAQ_fmri_memory_data_neuromod_DATA/data/masks/func_sub901551_mask_stereonl.nii	sub-901551	/home/francois/cimaq_events2020/sub-7707569/sub-7707569_task-Memory_events.tsv	/home/francois/cimaq_events2020/sub-7707569/sub-7707569_task-Retrieval.tsv
sub-7729270	/home/francois/cimaq_events2020/sub-7729270/sub-7729270_Motionfile.tsv	/home/francois/cimaq_events2020/sub-7729270/sub-7729270_Motionfile.tsv	/media/francois/seagate_8tb/cimaq_03-19_data_simexp_DATA/CIMAQ_fmri_memory_data_neuromod_DATA/data/anat/anat_sub549994_nuc_stereonl.nii	/media/francois/seagate_8tb/cimaq_03-19_data_simexp_DATA/CIMAQ_fmri_memory_data_neuromod_DATA/data/fmri_resample/fmri_sub549994_sess4_run1_n.nii.gz	/media/francois/seagate_8tb/cimaq_03-19_data_simexp_DATA/CIMAQ_fmri_memory_data_neuromod_DATA/data/confounds_resample/fmri_sub549994_sess4_run1_n_confounds.tsv	/media/francois/seagate_8tb/cimaq_03-19_data_simexp_DATA/CIMAQ_fmri_memory_data_neuromod_DATA/data/masks/func_sub549994_mask_stereonl.nii	sub-549994	/home/francois/cimaq_events2020/sub-7729270/sub-7729270_task-Memory_events.tsv	/home/francois/cimaq_events2020/sub-7729270/sub-7729270_task-Retrieval.tsv
sub-7948407	/home/francois/cimaq_events2020/sub-7948407/sub-7948407_Motionfile.tsv	/home/francois/cimaq_events2020/sub-7948407/sub-7948407_Motionfile.tsv	/media/francois/seagate_8tb/cimaq_03-19_data_simexp_DATA/CIMAQ_fmri_memory_data_neuromod_DATA/data/anat/anat_sub866812_nuc_stereonl.nii	/media/francois/seagate_8tb/cimaq_03-19_data_simexp_DATA/CIMAQ_fmri_memory_data_neuromod_DATA/data/fmri_resample/fmri_sub866812_sess4_run1_n.nii.gz	/media/francois/seagate_8tb/cimaq_03-19_data_simexp_DATA/CIMAQ_fmri_memory_data_neuromod_DATA/data/confounds_resample/fmri_sub866812_sess4_run1_n_confounds.tsv	/media/francois/seagate_8tb/cimaq_03-19_data_simexp_DATA/CIMAQ_fmri_memory_data_neuromod_DATA/data/masks/func_sub866812_mask_stereonl.nii	sub-866812	/home/francois/cimaq_events2020/sub-7948407/sub-7948407_task-Memory_events.tsv	/home/francois/cimaq_events2020/sub-7948407/sub-7948407_task-Retrieval.tsv
sub-8060583	/home/francois/cimaq_events2020/sub-8060583/sub-8060583_Motionfile.tsv	/home/francois/cimaq_events2020/sub-8060583/sub-8060583_Motionfile.tsv	/media/francois/seagate_8tb/cimaq_03-19_data_simexp_DATA/CIMAQ_fmri_memory_data_neuromod_DATA/data/anat/anat_sub785217_nuc_stereonl.nii	/media/francois/seagate_8tb/cimaq_03-19_data_simexp_DATA/CIMAQ_fmri_memory_data_neuromod_DATA/data/fmri_resample/fmri_sub785217_memory_run1.nii.gz	/media/francois/seagate_8tb/cimaq_03-19_data_simexp_DATA/CIMAQ_fmri_memory_data_neuromod_DATA/data/confounds_resample/fmri_sub785217_memory_run1_n_confounds.tsv	/media/francois/seagate_8tb/cimaq_03-19_data_simexp_DATA/CIMAQ_fmri_memory_data_neuromod_DATA/data/masks/func_sub785217_mask_stereonl.nii	sub-785217	/home/francois/cimaq_events2020/sub-8060583/sub-8060583_task-Memory_events.tsv	/home/francois/cimaq_events2020/sub-8060583/sub-8060583_task-Retrieval.tsv
sub-8069157	/home/francois/cimaq_events2020/sub-8069157/sub-8069157_Motionfile.tsv	/home/francois/cimaq_events2020/sub-8069157/sub-8069157_Motionfile.tsv	/media/francois/seagate_8tb/cimaq_03-19_data_simexp_DATA/CIMAQ_fmri_memory_data_neuromod_DATA/data/anat/anat_sub906145_nuc_stereonl.nii	/media/francois/seagate_8tb/cimaq_03-19_data_simexp_DATA/CIMAQ_fmri_memory_data_neuromod_DATA/data/fmri_resample/fmri_sub906145_memory_run1.nii.gz	/media/francois/seagate_8tb/cimaq_03-19_data_simexp_DATA/CIMAQ_fmri_memory_data_neuromod_DATA/data/confounds_resample/fmri_sub906145_memory_run1_n_confounds.tsv	/media/francois/seagate_8tb/cimaq_03-19_data_simexp_DATA/CIMAQ_fmri_memory_data_neuromod_DATA/data/masks/func_sub906145_mask_stereonl.nii	sub-906145	/home/francois/cimaq_events2020/sub-8069157/sub-8069157_task-Memory_events.tsv	/home/francois/cimaq_events2020/sub-8069157/sub-8069157_task-Retrieval.tsv
sub-8192087	/home/francois/cimaq_events2020/sub-8192087/sub-8192087_Motionfile.tsv	/home/francois/cimaq_events2020/sub-8192087/sub-8192087_Motionfile.tsv	/media/francois/seagate_8tb/cimaq_03-19_data_simexp_DATA/CIMAQ_fmri_memory_data_neuromod_DATA/data/anat/anat_sub619278_nuc_stereonl.nii	/media/francois/seagate_8tb/cimaq_03-19_data_simexp_DATA/CIMAQ_fmri_memory_data_neuromod_DATA/data/fmri_resample/fmri_sub619278_sess4_run1_n.nii.gz	/media/francois/seagate_8tb/cimaq_03-19_data_simexp_DATA/CIMAQ_fmri_memory_data_neuromod_DATA/data/confounds_resample/fmri_sub619278_sess4_run1_n_confounds.tsv	/media/francois/seagate_8tb/cimaq_03-19_data_simexp_DATA/CIMAQ_fmri_memory_data_neuromod_DATA/data/masks/func_sub619278_mask_stereonl.nii	sub-619278	/home/francois/cimaq_events2020/sub-8192087/sub-8192087_task-Memory_events.tsv	/home/francois/cimaq_events2020/sub-8192087/sub-8192087_task-Retrieval.tsv
sub-8212673	/home/francois/cimaq_events2020/sub-8212673/sub-8212673_Motionfile.tsv	/home/francois/cimaq_events2020/sub-8212673/sub-8212673_Motionfile.tsv	/media/francois/seagate_8tb/cimaq_03-19_data_simexp_DATA/CIMAQ_fmri_memory_data_neuromod_DATA/data/anat/anat_sub914042_nuc_stereonl.nii	/media/francois/seagate_8tb/cimaq_03-19_data_simexp_DATA/CIMAQ_fmri_memory_data_neuromod_DATA/data/fmri_resample/fmri_sub914042_sess4_run1_n.nii.gz	/media/francois/seagate_8tb/cimaq_03-19_data_simexp_DATA/CIMAQ_fmri_memory_data_neuromod_DATA/data/confounds_resample/fmri_sub914042_sess4_run1_n_confounds.tsv	/media/francois/seagate_8tb/cimaq_03-19_data_simexp_DATA/CIMAQ_fmri_memory_data_neuromod_DATA/data/masks/func_sub914042_mask_stereonl.nii	sub-914042	/home/francois/cimaq_events2020/sub-8212673/sub-8212673_task-Memory_events.tsv	/home/francois/cimaq_events2020/sub-8212673/sub-8212673_task-Retrieval.tsv
sub-8278658	/home/francois/cimaq_events2020/sub-8278658/sub-8278658_Motionfile.tsv	/home/francois/cimaq_events2020/sub-8278658/sub-8278658_Motionfile.tsv	/media/francois/seagate_8tb/cimaq_03-19_data_simexp_DATA/CIMAQ_fmri_memory_data_neuromod_DATA/data/anat/anat_sub189005_nuc_stereonl.nii	/media/francois/seagate_8tb/cimaq_03-19_data_simexp_DATA/CIMAQ_fmri_memory_data_neuromod_DATA/data/fmri_resample/fmri_sub189005_sess4_run1_n.nii.gz	/media/francois/seagate_8tb/cimaq_03-19_data_simexp_DATA/CIMAQ_fmri_memory_data_neuromod_DATA/data/confounds_resample/fmri_sub189005_sess4_run1_n_confounds.tsv	/media/francois/seagate_8tb/cimaq_03-19_data_simexp_DATA/CIMAQ_fmri_memory_data_neuromod_DATA/data/masks/func_sub189005_mask_stereonl.nii	sub-189005	/home/francois/cimaq_events2020/sub-8278658/sub-8278658_task-Memory_events.tsv	/home/francois/cimaq_events2020/sub-8278658/sub-8278658_task-Retrieval.tsv
sub-8330218	/home/francois/cimaq_events2020/sub-8330218/sub-8330218_Motionfile.tsv	/home/francois/cimaq_events2020/sub-8330218/sub-8330218_Motionfile.tsv	/media/francois/seagate_8tb/cimaq_03-19_data_simexp_DATA/CIMAQ_fmri_memory_data_neuromod_DATA/data/anat/anat_sub413474_nuc_stereonl.nii	/media/francois/seagate_8tb/cimaq_03-19_data_simexp_DATA/CIMAQ_fmri_memory_data_neuromod_DATA/data/fmri_resample/fmri_sub413474_sess4_run1_n.nii.gz	/media/francois/seagate_8tb/cimaq_03-19_data_simexp_DATA/CIMAQ_fmri_memory_data_neuromod_DATA/data/confounds_resample/fmri_sub413474_sess4_run1_n_confounds.tsv	/media/francois/seagate_8tb/cimaq_03-19_data_simexp_DATA/CIMAQ_fmri_memory_data_neuromod_DATA/data/masks/func_sub413474_mask_stereonl.nii	sub-413474	/home/francois/cimaq_events2020/sub-8330218/sub-8330218_task-Memory_events.tsv	/home/francois/cimaq_events2020/sub-8330218/sub-8330218_task-Retrieval.tsv
sub-8600790	/home/francois/cimaq_events2020/sub-8600790/sub-8600790_Motionfile.tsv	/home/francois/cimaq_events2020/sub-8600790/sub-8600790_Motionfile.tsv	/media/francois/seagate_8tb/cimaq_03-19_data_simexp_DATA/CIMAQ_fmri_memory_data_neuromod_DATA/data/anat/anat_sub178101_nuc_stereonl.nii	/media/francois/seagate_8tb/cimaq_03-19_data_simexp_DATA/CIMAQ_fmri_memory_data_neuromod_DATA/data/fmri_resample/fmri_sub178101_sess4_run1_n.nii.gz	/media/francois/seagate_8tb/cimaq_03-19_data_simexp_DATA/CIMAQ_fmri_memory_data_neuromod_DATA/data/confounds_resample/fmri_sub178101_sess4_run1_n_confounds.tsv	/media/francois/seagate_8tb/cimaq_03-19_data_simexp_DATA/CIMAQ_fmri_memory_data_neuromod_DATA/data/masks/func_sub178101_mask_stereonl.nii	sub-178101	/home/francois/cimaq_events2020/sub-8600790/sub-8600790_task-Memory_events.tsv	/home/francois/cimaq_events2020/sub-8600790/sub-8600790_task-Retrieval.tsv
sub-8639515	/home/francois/cimaq_events2020/sub-8639515/sub-8639515_Motionfile.tsv	/home/francois/cimaq_events2020/sub-8639515/sub-8639515_Motionfile.tsv	/media/francois/seagate_8tb/cimaq_03-19_data_simexp_DATA/CIMAQ_fmri_memory_data_neuromod_DATA/data/anat/anat_sub711830_nuc_stereonl.nii	/media/francois/seagate_8tb/cimaq_03-19_data_simexp_DATA/CIMAQ_fmri_memory_data_neuromod_DATA/data/fmri_resample/fmri_sub711830_sess4_run1_n.nii.gz	/media/francois/seagate_8tb/cimaq_03-19_data_simexp_DATA/CIMAQ_fmri_memory_data_neuromod_DATA/data/confounds_resample/fmri_sub711830_sess4_run1_n_confounds.tsv	/media/francois/seagate_8tb/cimaq_03-19_data_simexp_DATA/CIMAQ_fmri_memory_data_neuromod_DATA/data/masks/func_sub711830_mask_stereonl.nii	sub-711830	/home/francois/cimaq_events2020/sub-8639515/sub-8639515_task-Memory_events.tsv	/home/francois/cimaq_events2020/sub-8639515/sub-8639515_task-Retrieval.tsv
sub-8656527	/home/francois/cimaq_events2020/sub-8656527/sub-8656527_Motionfile.tsv	/home/francois/cimaq_events2020/sub-8656527/sub-8656527_Motionfile.tsv	/media/francois/seagate_8tb/cimaq_03-19_data_simexp_DATA/CIMAQ_fmri_memory_data_neuromod_DATA/data/anat/anat_sub370092_nuc_stereonl.nii	/media/francois/seagate_8tb/cimaq_03-19_data_simexp_DATA/CIMAQ_fmri_memory_data_neuromod_DATA/data/fmri_resample/fmri_sub370092_sess4_run1_n.nii.gz	/media/francois/seagate_8tb/cimaq_03-19_data_simexp_DATA/CIMAQ_fmri_memory_data_neuromod_DATA/data/confounds_resample/fmri_sub370092_sess4_run1_n_confounds.tsv	/media/francois/seagate_8tb/cimaq_03-19_data_simexp_DATA/CIMAQ_fmri_memory_data_neuromod_DATA/data/masks/func_sub370092_mask_stereonl.nii	sub-370092	/home/francois/cimaq_events2020/sub-8656527/sub-8656527_task-Memory_events.tsv	/home/francois/cimaq_events2020/sub-8656527/sub-8656527_task-Retrieval.tsv
sub-8874623	/home/francois/cimaq_events2020/sub-8874623/sub-8874623_Motionfile.tsv	/home/francois/cimaq_events2020/sub-8874623/sub-8874623_Motionfile.tsv	/media/francois/seagate_8tb/cimaq_03-19_data_simexp_DATA/CIMAQ_fmri_memory_data_neuromod_DATA/data/anat/anat_sub974246_nuc_stereonl.nii	/media/francois/seagate_8tb/cimaq_03-19_data_simexp_DATA/CIMAQ_fmri_memory_data_neuromod_DATA/data/fmri_resample/fmri_sub974246_sess4_run1_n.nii.gz	/media/francois/seagate_8tb/cimaq_03-19_data_simexp_DATA/CIMAQ_fmri_memory_data_neuromod_DATA/data/confounds_resample/fmri_sub974246_sess4_run1_n_confounds.tsv	/media/francois/seagate_8tb/cimaq_03-19_data_simexp_DATA/CIMAQ_fmri_memory_data_neuromod_DATA/data/masks/func_sub974246_mask_stereonl.nii	sub-974246	/home/francois/cimaq_events2020/sub-8874623/sub-8874623_task-Memory_events.tsv	/home/francois/cimaq_events2020/sub-8874623/sub-8874623_task-Retrieval.tsv
sub-8875385	/home/francois/cimaq_events2020/sub-8875385/sub-8875385_Motionfile.tsv	/home/francois/cimaq_events2020/sub-8875385/sub-8875385_Motionfile.tsv	/media/francois/seagate_8tb/cimaq_03-19_data_simexp_DATA/CIMAQ_fmri_memory_data_neuromod_DATA/data/anat/anat_sub437101_nuc_stereonl.nii	/media/francois/seagate_8tb/cimaq_03-19_data_simexp_DATA/CIMAQ_fmri_memory_data_neuromod_DATA/data/fmri_resample/fmri_sub437101_sess4_run1_n.nii.gz	/media/francois/seagate_8tb/cimaq_03-19_data_simexp_DATA/CIMAQ_fmri_memory_data_neuromod_DATA/data/confounds_resample/fmri_sub437101_sess4_run1_n_confounds.tsv	/media/francois/seagate_8tb/cimaq_03-19_data_simexp_DATA/CIMAQ_fmri_memory_data_neuromod_DATA/data/masks/func_sub437101_mask_stereonl.nii	sub-437101	/home/francois/cimaq_events2020/sub-8875385/sub-8875385_task-Memory_events.tsv	/home/francois/cimaq_events2020/sub-8875385/sub-8875385_task-Retrieval.tsv
sub-8980899	/home/francois/cimaq_events2020/sub-8980899/sub-8980899_Motionfile.tsv	/home/francois/cimaq_events2020/sub-8980899/sub-8980899_Motionfile.tsv	/media/francois/seagate_8tb/cimaq_03-19_data_simexp_DATA/CIMAQ_fmri_memory_data_neuromod_DATA/data/anat/anat_sub968913_nuc_stereonl.nii	/media/francois/seagate_8tb/cimaq_03-19_data_simexp_DATA/CIMAQ_fmri_memory_data_neuromod_DATA/data/fmri_resample/fmri_sub968913_sess4_run1_n.nii.gz	/media/francois/seagate_8tb/cimaq_03-19_data_simexp_DATA/CIMAQ_fmri_memory_data_neuromod_DATA/data/confounds_resample/fmri_sub968913_sess4_run1_n_confounds.tsv	/media/francois/seagate_8tb/cimaq_03-19_data_simexp_DATA/CIMAQ_fmri_memory_data_neuromod_DATA/data/masks/func_sub968913_mask_stereonl.nii	sub-968913	/home/francois/cimaq_events2020/sub-8980899/sub-8980899_task-Memory_events.tsv	/home/francois/cimaq_events2020/sub-8980899/sub-8980899_task-Retrieval.tsv
sub-9003010	/home/francois/cimaq_events2020/sub-9003010/sub-9003010_Motionfile.tsv	/home/francois/cimaq_events2020/sub-9003010/sub-9003010_Motionfile.tsv	/media/francois/seagate_8tb/cimaq_03-19_data_simexp_DATA/CIMAQ_fmri_memory_data_neuromod_DATA/data/anat/anat_sub785245_nuc_stereonl.nii	/media/francois/seagate_8tb/cimaq_03-19_data_simexp_DATA/CIMAQ_fmri_memory_data_neuromod_DATA/data/fmri_resample/fmri_sub785245_sess4_run1_n.nii.gz	/media/francois/seagate_8tb/cimaq_03-19_data_simexp_DATA/CIMAQ_fmri_memory_data_neuromod_DATA/data/confounds_resample/fmri_sub785245_sess4_run1_n_confounds.tsv	/media/francois/seagate_8tb/cimaq_03-19_data_simexp_DATA/CIMAQ_fmri_memory_data_neuromod_DATA/data/masks/func_sub785245_mask_stereonl.nii	sub-785245	/home/francois/cimaq_events2020/sub-9003010/sub-9003010_task-Memory_events.tsv	/home/francois/cimaq_events2020/sub-9003010/sub-9003010_task-Retrieval.tsv
sub-9249304	/home/francois/cimaq_events2020/sub-9249304/sub-9249304_Motionfile.tsv	/home/francois/cimaq_events2020/sub-9249304/sub-9249304_Motionfile.tsv	/media/francois/seagate_8tb/cimaq_03-19_data_simexp_DATA/CIMAQ_fmri_memory_data_neuromod_DATA/data/anat/anat_sub778749_nuc_stereonl.nii	/media/francois/seagate_8tb/cimaq_03-19_data_simexp_DATA/CIMAQ_fmri_memory_data_neuromod_DATA/data/fmri_resample/fmri_sub778749_sess4_run1_n.nii.gz	/media/francois/seagate_8tb/cimaq_03-19_data_simexp_DATA/CIMAQ_fmri_memory_data_neuromod_DATA/data/confounds_resample/fmri_sub778749_sess4_run1_n_confounds.tsv	/media/francois/seagate_8tb/cimaq_03-19_data_simexp_DATA/CIMAQ_fmri_memory_data_neuromod_DATA/data/masks/func_sub778749_mask_stereonl.nii	sub-778749	/home/francois/cimaq_events2020/sub-9249304/sub-9249304_task-Memory_events.tsv	/home/francois/cimaq_events2020/sub-9249304/sub-9249304_task-Retrieval.tsv
sub-9296157	/home/francois/cimaq_events2020/sub-9296157/sub-9296157_Motionfile.tsv	/home/francois/cimaq_events2020/sub-9296157/sub-9296157_Motionfile.tsv	/media/francois/seagate_8tb/cimaq_03-19_data_simexp_DATA/CIMAQ_fmri_memory_data_neuromod_DATA/data/anat/anat_sub955548_nuc_stereonl.nii	/media/francois/seagate_8tb/cimaq_03-19_data_simexp_DATA/CIMAQ_fmri_memory_data_neuromod_DATA/data/fmri_resample/fmri_sub955548_sess4_run1_n.nii.gz	/media/francois/seagate_8tb/cimaq_03-19_data_simexp_DATA/CIMAQ_fmri_memory_data_neuromod_DATA/data/confounds_resample/fmri_sub955548_sess4_run1_n_confounds.tsv	/media/francois/seagate_8tb/cimaq_03-19_data_simexp_DATA/CIMAQ_fmri_memory_data_neuromod_DATA/data/masks/func_sub955548_mask_stereonl.nii	sub-955548	/home/francois/cimaq_events2020/sub-9296157/sub-9296157_task-Memory_events.tsv	/home/francois/cimaq_events2020/sub-9296157/sub-9296157_task-Retrieval.tsv
